-- =========================
-- ROLES
-- =========================
INSERT INTO roles (id, name, is_system) VALUES
('role-viewer','Viewer',TRUE),
('role-member','Member',TRUE),
('role-manager','Manager',TRUE),
('role-admin','Administrador',TRUE);

-- =========================
-- USERS (30)
-- =========================
INSERT INTO users (id, email, dni, name, password_hash, role_id, activo) VALUES
('u001','ana@corp.com','70000001','Ana Torres','hash','role-admin',1),
('u002','luis@corp.com','70000002','Luis Ramos','hash','role-manager',1),
('u003','maria@corp.com','70000003','Maria Diaz','hash','role-manager',1),
('u004','carlos@corp.com','70000004','Carlos Vega','hash','role-member',1),
('u005','sofia@corp.com','70000005','Sofia Ruiz','hash','role-member',1),
('u006','jose@corp.com','70000006','Jose Perez','hash','role-member',1),
('u007','lucia@corp.com','70000007','Lucia Morales','hash','role-viewer',1),
('u008','diego@corp.com','70000008','Diego Herrera','hash','role-viewer',1),
('u009','elena@corp.com','70000009','Elena Cruz','hash','role-member',1),
('u010','andres@corp.com','70000010','Andres Soto','hash','role-member',1),
('u011','valeria@corp.com','70000011','Valeria Nunez','hash','role-member',1),
('u012','ricardo@corp.com','70000012','Ricardo Mena','hash','role-member',1),
('u013','fernanda@corp.com','70000013','Fernanda Gil','hash','role-member',1),
('u014','pablo@corp.com','70000014','Pablo Ortiz','hash','role-viewer',1),
('u015','camila@corp.com','70000015','Camila Rios','hash','role-member',1),
('u016','miguel@corp.com','70000016','Miguel Luna','hash','role-member',1),
('u017','paula@corp.com','70000017','Paula Reyes','hash','role-viewer',1),
('u018','jorge@corp.com','70000018','Jorge Castro','hash','role-member',1),
('u019','laura@corp.com','70000019','Laura Paredes','hash','role-member',1),
('u020','tomas@corp.com','70000020','Tomas Silva','hash','role-member',1),
('u021','andrea@corp.com','70000021','Andrea Zambrano','hash','role-member',1),
('u022','sergio@corp.com','70000022','Sergio Flores','hash','role-member',1),
('u023','natalia@corp.com','70000023','Natalia Vela','hash','role-member',1),
('u024','oscar@corp.com','70000024','Oscar Ponce','hash','role-viewer',1),
('u025','beatriz@corp.com','70000025','Beatriz Rojas','hash','role-member',1),
('u026','ivan@corp.com','70000026','Ivan Salas','hash','role-member',1),
('u027','diana@corp.com','70000027','Diana Palma','hash','role-member',1),
('u028','hector@corp.com','70000028','Hector Medina','hash','role-member',1),
('u029','nicolas@corp.com','70000029','Nicolas Aguirre','hash','role-member',1),
('u030','carolina@corp.com','70000030','Carolina Vidal','hash','role-member',1);

-- =========================
-- ITEMS (50)
-- =========================
INSERT INTO items (id, name, description, image_url, unit, cached_quantity, min_quantity, status, activo) VALUES
('i001','Laptop Dell','Laptop i7','', 'units',12,5,'OK',1),
('i002','Monitor 24','HD monitor','', 'units',8,5,'OK',1),
('i003','Teclado mecanico','Switch blue','', 'units',15,5,'OK',1),
('i004','Mouse Logitech','Wireless','', 'units',25,10,'OK',1),
('i005','Silla ergonomica','Office chair','', 'units',6,5,'LOW',1),
('i006','Impresora HP','Laser','', 'units',3,2,'LOW',1),
('i007','Papel A4','Paper','', 'reams',200,50,'OK',1),
('i008','Toner HP','Ink','', 'units',4,2,'OK',1),
('i009','USB 32GB','Flash','', 'units',40,10,'OK',1),
('i010','Router','TP-Link','', 'units',7,3,'OK',1),
('i011','Switch','24 port','', 'units',2,2,'LOW',1),
('i012','HDMI Cable','Cable','', 'units',30,10,'OK',1),
('i013','Ethernet Cable','Cat6','', 'units',100,20,'OK',1),
('i014','Laptop Stand','Aluminum','', 'units',18,5,'OK',1),
('i015','Webcam','1080p','', 'units',22,5,'OK',1),
('i016','Microphone','USB mic','', 'units',10,5,'OK',1),
('i017','Headphones','Office','', 'units',14,5,'OK',1),
('i018','Projector','Epson','', 'units',1,2,'UNAVAILABLE',1),
('i019','Whiteboard','Office','', 'units',5,2,'OK',1),
('i020','Markers','Board markers','', 'units',60,20,'OK',1),
('i021','Stapler','Office','', 'units',35,10,'OK',1),
('i022','Paper Clips','Metal','', 'boxes',120,30,'OK',1),
('i023','Folders','Docs','', 'units',90,30,'OK',1),
('i024','Desk Lamp','LED','', 'units',16,5,'OK',1),
('i025','Extension Cord','Power','', 'units',12,5,'OK',1),
('i026','SSD 1TB','Storage','', 'units',9,5,'OK',1),
('i027','HDD 2TB','Storage','', 'units',7,5,'OK',1),
('i028','RAM 16GB','Memory','', 'units',11,5,'OK',1),
('i029','GPU','Graphics','', 'units',3,2,'LOW',1),
('i030','CPU i7','Processor','', 'units',6,3,'OK',1),
('i031','Server Rack','42U','', 'units',2,1,'OK',1),
('i032','UPS','Backup','', 'units',5,2,'OK',1),
('i033','Firewall','Security','', 'units',4,2,'OK',1),
('i034','Smartphone','Android','', 'units',20,10,'OK',1),
('i035','Tablet','iPad style','', 'units',15,5,'OK',1),
('i036','Scanner','Document','', 'units',3,2,'OK',1),
('i037','Label Printer','Barcode','', 'units',6,2,'OK',1),
('i038','Barcode Scanner','Handheld','', 'units',18,5,'OK',1),
('i039','Office Desk','Work desk','', 'units',10,5,'OK',1),
('i040','Cabinet','Storage','', 'units',8,5,'OK',1),
('i041','Coffee Machine','Office','', 'units',2,1,'OK',1),
('i042','Water Dispenser','Cold/hot','', 'units',4,2,'OK',1),
('i043','Cleaning Kit','Cleaning','', 'kits',25,10,'OK',1),
('i044','Trash Bin','Waste','', 'units',30,10,'OK',1),
('i045','Notebook','Writing','', 'units',200,50,'OK',1),
('i046','Pens','Ballpoint','', 'packs',500,100,'OK',1),
('i047','Sticky Notes','Post-it','', 'packs',300,80,'OK',1),
('i048','Ink Cartridge','Printer','', 'units',10,5,'LOW',1),
('i049','External HDD','Portable','', 'units',8,3,'OK',1),
('i050','VR Headset','Meta','', 'units',2,1,'OK',1);

-- =========================
-- TAGS (25)
-- =========================
INSERT INTO tags (id, name, created_by) VALUES
('t001','hardware','u001'),
('t002','office','u001'),
('t003','network','u002'),
('t004','storage','u002'),
('t005','peripherals','u003'),
('t006','computing','u003'),
('t007','supplies','u004'),
('t008','furniture','u004'),
('t009','maintenance','u005'),
('t010','security','u005'),
('t011','audio','u006'),
('t012','video','u006'),
('t013','printing','u007'),
('t014','paper','u007'),
('t015','energy','u008'),
('t016','accessories','u009'),
('t017','devices','u009'),
('t018','storage-media','u010'),
('t019','workstation','u010'),
('t020','infrastructure','u011'),
('t021','office-tools','u012'),
('t022','consumables','u013'),
('t023','cleaning','u014'),
('t024','ergonomic','u015'),
('t025','gadgets','u016');

-- =========================
-- ITEM TAGS
-- =========================
INSERT INTO item_tags (item_id, tag_id) VALUES
('i001','t001'),('i001','t006'),('i001','t019'),
('i002','t005'),('i002','t019'),
('i003','t005'),('i003','t016'),
('i004','t005'),
('i005','t008'),('i005','t024'),
('i006','t013'),('i006','t010'),
('i007','t014'),('i007','t022'),
('i008','t013'),
('i009','t018'),
('i010','t003'),
('i011','t003'),('i011','t020'),
('i012','t005'),
('i013','t003'),
('i014','t024'),
('i015','t012'),('i015','t005'),
('i016','t011'),
('i017','t011'),
('i018','t012'),
('i019','t002'),
('i020','t002'),
('i021','t021'),
('i022','t007'),
('i023','t007'),
('i024','t015'),
('i025','t015'),
('i026','t004'),
('i027','t004'),
('i028','t006'),
('i029','t006'),
('i030','t006'),
('i031','t020'),
('i032','t015'),
('i033','t010'),
('i034','t017'),
('i035','t017'),
('i036','t013'),
('i037','t013'),
('i038','t013'),
('i039','t008'),
('i040','t008'),
('i041','t002'),
('i042','t002'),
('i043','t023'),
('i044','t007'),
('i045','t014'),
('i046','t022'),
('i047','t022'),
('i048','t013'),
('i049','t018'),
('i050','t025');

-- =========================
-- SAMPLE TRANSACTIONS (CLEAN)
-- =========================
INSERT INTO transactions (
    id, item_id, requester_id, approver_id,
    type, quantity, status, notes
) VALUES
('tr001','i001','u004','u002','OUT',2,'APPROVED','Laptop assignment'),
('tr002','i002','u005','u002','OUT',1,'APPROVED','Monitor request'),
('tr003','i003','u006','u003','OUT',3,'APPROVED','Keyboard request'),
('tr004','i004','u007','u003','OUT',5,'APPROVED','Mouse request'),
('tr005','i005','u008','u002','OUT',2,'PENDING','Chairs request'),
('tr006','i007','u009','u003','IN',50,'COMPLETED','Stock refill'),
('tr007','i009','u010','u001','OUT',10,'APPROVED','USB distribution'),
('tr008','i010','u011','u002','OUT',1,'APPROVED','Network setup'),
('tr009','i012','u012','u003','OUT',4,'APPROVED','HDMI setup'),
('tr010','i013','u013','u003','IN',30,'COMPLETED','Cable stock');